{
  "version": 1,
  "author": "Swetha sree Velankanni",
  "editor": "wokwi",
  "parts": [
    { "type": "wokwi-esp32-devkit-v1", "id": "esp", "top": -30, "left": -60.67, "attrs": {} },
    {
      "type": "wokwi-led",
      "id": "led1",
      "top": -56.27,
      "left": 136.73,
      "attrs": { "color": "red" }
    },
    {
      "type": "wokwi-buzzer",
      "id": "bz1",
      "top": -96.93,
      "left": 229,
      "attrs": { "volume": "0.1" }
    },
    {
      "type": "wokwi-ntc-temperature-sensor",
      "id": "ntc1",
      "top": -38.73,
      "left": -339.4,
      "attrs": {}
    },
    {
      "type": "wokwi-pir-motion-sensor",
      "id": "pir1",
      "top": -132.27,
      "left": -152.58,
      "attrs": {}
    }
  ],
  "connections": [
    [ "esp:TX0", "$serialMonitor:RX", "", [] ],
    [ "esp:RX0", "$serialMonitor:TX", "", [] ],
    [ "led1:C", "esp:GND.1", "green", [ "v0" ] ],
    [ "led1:A", "esp:D5", "green", [ "v0" ] ],
    [ "bz1:1", "esp:GND.1", "green", [ "v0" ] ],
    [ "bz1:2", "esp:D4", "green", [ "v0" ] ],
    [ "ntc1:OUT", "esp:D12", "green", [ "h0" ] ],
    [ "ntc1:GND", "esp:GND.2", "black", [ "h0" ] ],
    [ "ntc1:VCC", "esp:3V3", "red", [ "h0" ] ],
    [ "pir1:GND", "esp:GND.2", "black", [ "v0" ] ],
    [ "pir1:OUT", "esp:D13", "green", [ "v0" ] ],
    [ "pir1:VCC", "esp:3V3", "red", [ "v0" ] ]
  ],
  "dependencies": {}
}