{
  "version": 1,
  "author": "V.Preethi",
  "editor": "wokwi",
  "parts": [
    { "type": "wokwi-esp32-devkit-v1", "id": "esp", "top": -20, "left": -47.33, "attrs": {} },
    {
      "type": "wokwi-resistor",
      "id": "r1",
      "top": 24.89,
      "left": 145.34,
      "attrs": { "value": "1000" }
    },
    { "type": "wokwi-dht22", "id": "dht1", "top": -32.77, "left": 241.93, "attrs": {} },
    {
      "type": "wokwi-led",
      "id": "led1",
      "top": -61.73,
      "left": 96.87,
      "attrs": { "color": "red" }
    }
  ],
  "connections": [
    [ "esp:TX0", "$serialMonitor:RX", "", [] ],
    [ "esp:RX0", "$serialMonitor:TX", "", [] ],
    [ "led1:A", "r1:1", "green", [ "v0" ] ],
    [ "led1:C", "esp:GND.1", "green", [ "v0" ] ],
    [ "dht1:VCC", "esp:3V3", "red", [ "v0" ] ],
    [ "dht1:SDA", "esp:D15", "green", [ "v0" ] ],
    [ "dht1:GND", "esp:GND.1", "black", [ "v0" ] ],
    [ "r1:2", "esp:D2", "green", [ "v0" ] ]
  ],
  "dependencies": {}
}